question, option_1,option_2,option_3,option_4, answer
Youngstown,5,59,80,39,39
Yankton,52,48,97,23,23
Yakima,35,59,120,30,30
Worcester,16,12,71,48,48
Wisconsin Dells,37,48,89,46,46
Winston-Salem,5,59,80,15,15
Winnipeg,52,48,97,9,9
Winchester,11,23,78,9,9
Wilmington,14,24,77,55,55
Wilmington,45,0,75,33,33
Williston,9,0,103,37,37
Williamsport,15,0,77,0,0
Williamson,40,48,82,16,16
Wichita Falls,54,0,98,29,29
Wichita,41,23,97,20,20
Wheeling,4,11,80,43,43
West Palm Beach,43,11,80,3,3
Wenatchee,25,11,120,19,19
Weed,25,11,122,23,23
Waycross,13,11,82,20,20
Wausau,57,35,89,38,38
Waukegan,21,36,87,49,49
Watertown,54,0,97,6,6
Watertown,58,47,75,55,55
Waterloo,30,0,92,20,20
Waterbury,32,59,73,3,3
Washington,53,23,77,1,1
Warren,50,59,79,8,79
Walla Walla,4,11,118,19,118
Waco,32,59,97,8,32
Vincennes,40,48,87,31,40
Victoria,48,35,97,0,48
Vicksburg,20,59,90,52,20
Vancouver,16,12,123,7,16
Valley City,55,11,98,0,55
Valdosta,49,47,83,16,49
Utica,6,36,75,13,6
Uniontown,54,0,79,43,54
Tyler,20,59,95,18,20
Twin Falls,33,36,114,28,33
Tuscaloosa,12,35,87,34,12
Tupelo,15,35,88,42,15
Tulsa,9,35,95,54,9
Tucson,13,12,110,58,13
Trinidad,10,11,104,30,10
Trenton,13,47,74,46,13
Traverse City,45,35,85,37,45
Toronto,39,0,79,22,39
Topeka,2,59,95,40,2
